{
  "context": {
    "domain": "nic2004:85110",
    "country": "IND",
    "city": "std:080",
    "action": "on_search",
    "core_version": "0.7.1",
    "message_id": "85a422c4-2867-4d72-b5f5-d31588e2f7c5",
    "timestamp": "2021-03-23T10:00:40.065Z"
  },
  "message": {
    "catalog": {
      "descriptor": {
        "name": "Practo"
      },
      "providers": [
        {
          "id": "289edce4-d002-4962-b311-4c025e22b4f6",
          "descriptor": {
            "name": "MAX Hospitals"
          },
          "categories": [
            {
              "id": "1",
              "descriptor": {
                "name": "OPD"
              }
            },
            {
              "id": "2",
              "descriptor": {
                "name": "Diagnostics"
              }
            },
            {
              "id": "3",
              "descriptor": {
                "name": "Emergency"
              }
            }
          ],
          "fulfillments": [
            {
              "id": "1",
              "type": "DIGITAL-OPD",
              "person": {
                "id": "1",
                "name": "Dr Asthana",
                "gender": "male",
                "image": "https://image/of/person.png",
                "cred": "uhiId:237402938409485039850935"
              },
              "start": {
                "time": {
                  "timestamp": "T10:00Z"
                }
              },
              "end": {
                "time": {
                  "timestamp": "T10:15Z"
                }
              }
            },
            {
              "id": "2",
              "type": "DIGITAL-OPD",
              "person": {
                "id": "1",
                "name": "Dr Asthana",
                "gender": "male",
                "image": "https://image/of/person.png",
                "cred": "uhiId:237402938409485039850935"
              },
              "start": {
                "time": {
                  "timestamp": "T10:15Z"
                }
              },
              "end": {
                "time": {
                  "timestamp": "T10:30Z"
                }
              }
            },
            {
              "id": "3",
              "type": "DIGITAL-OPD",
              "person": {
                "id": "1",
                "name": "Dr Bhargava",
                "gender": "female",
                "image": "https://image/of/person.png",
                "cred": "uhiId:237402938409485039850935"
              },
              "start": {
                "time": {
                  "timestamp": "T10:00Z"
                }
              },
              "end": {
                "time": {
                  "timestamp": "T10:15Z"
                }
              }
            },
            {
              "id": "4",
              "type": "DIGITAL-OPD",
              "person": {
                "id": "1",
                "name": "Dr Bhargava",
                "gender": "female",
                "image": "https://image/of/person.png",
                "cred": "uhiId:237402938409485039850935"
              },
              "start": {
                "time": {
                  "timestamp": "T10:15Z"
                }
              },
              "end": {
                "time": {
                  "timestamp": "T10:30Z"
                }
              }
            }
          ],
          "items": [
            {
              "id": "1",
              "descriptor": {
                "name": "Consultation"
              },
              "category_id": "1",
              "fulfillment_id": "1"
            },
            {
              "id": "1",
              "descriptor": {
                "name": "Consultation"
              },
              "category_id": "1",
              "fulfillment_id": "2"
            },
            {
              "id": "1",
              "descriptor": {
                "name": "Consultation"
              },
              "category_id": "1",
              "fulfillment_id": "3"
            },
            {
              "id": "1",
              "descriptor": {
                "name": "Consultation"
              },
              "category_id": "1",
              "fulfillment_id": "4"
            }
          ]
        }
      ]
    }
  }
}